-- MySQL Script generated by MySQL Workbench
-- Thu Feb 18 11:58:59 2021
-- Model: New Model    Version: 1.0
-- MySQL Workbench Forward Engineering

SET @OLD_UNIQUE_CHECKS=@@UNIQUE_CHECKS, UNIQUE_CHECKS=0;
SET @OLD_FOREIGN_KEY_CHECKS=@@FOREIGN_KEY_CHECKS, FOREIGN_KEY_CHECKS=0;
SET @OLD_SQL_MODE=@@SQL_MODE, SQL_MODE='ONLY_FULL_GROUP_BY,STRICT_TRANS_TABLES,NO_ZERO_IN_DATE,NO_ZERO_DATE,ERROR_FOR_DIVISION_BY_ZERO,NO_ENGINE_SUBSTITUTION';

-- -----------------------------------------------------
-- Schema mrl18c
-- -----------------------------------------------------
DROP SCHEMA IF EXISTS `mrl18c` ;

-- -----------------------------------------------------
-- Schema mrl18c
-- -----------------------------------------------------
CREATE SCHEMA IF NOT EXISTS `mrl18c` DEFAULT CHARACTER SET utf8 ;
SHOW WARNINGS;
USE `mrl18c` ;

-- -----------------------------------------------------
-- Table `mrl18c`.`petstore`
-- -----------------------------------------------------
DROP TABLE IF EXISTS `mrl18c`.`petstore` ;

SHOW WARNINGS;
CREATE TABLE IF NOT EXISTS `mrl18c`.`petstore` (
  `pst_id` SMALLINT NOT NULL AUTO_INCREMENT,
  `pst_name` VARCHAR(30) NOT NULL,
  `pst_street` VARCHAR(30) NOT NULL,
  `pst_city` VARCHAR(30) NOT NULL,
  `pst_state` CHAR(2) NOT NULL,
  `pst_zip` INT(9) NOT NULL,
  `pst_phone` BIGINT NOT NULL,
  `pst_email` VARCHAR(100) NOT NULL,
  `pst_url` VARCHAR(100) NOT NULL,
  `pst_ytd_sales` DECIMAL(10,2) NOT NULL,
  `pst_notes` VARCHAR(255) NULL,
  PRIMARY KEY (`pst_id`))
ENGINE = InnoDB;

SHOW WARNINGS;

-- -----------------------------------------------------
-- Table `mrl18c`.`customer`
-- -----------------------------------------------------
DROP TABLE IF EXISTS `mrl18c`.`customer` ;

SHOW WARNINGS;
CREATE TABLE IF NOT EXISTS `mrl18c`.`customer` (
  `cus_id` SMALLINT NOT NULL AUTO_INCREMENT,
  `cus_fname` VARCHAR(15) NOT NULL,
  `cus_lname` VARCHAR(30) NOT NULL,
  `cus_street` VARCHAR(30) NOT NULL,
  `cus_city` VARCHAR(30) NOT NULL,
  `cus_state` CHAR(2) NOT NULL,
  `cus_zip` INT NOT NULL,
  `cus_phone` BIGINT NOT NULL,
  `cus_email` VARCHAR(100) NOT NULL,
  `cus_balance` DECIMAL(6,2) NOT NULL,
  `cus_total_sales` DECIMAL(6,2) NOT NULL,
  `cus_notes` VARCHAR(255) NULL,
  PRIMARY KEY (`cus_id`))
ENGINE = InnoDB;

SHOW WARNINGS;

-- -----------------------------------------------------
-- Table `mrl18c`.`pet`
-- -----------------------------------------------------
DROP TABLE IF EXISTS `mrl18c`.`pet` ;

SHOW WARNINGS;
CREATE TABLE IF NOT EXISTS `mrl18c`.`pet` (
  `pet_id` SMALLINT UNSIGNED NOT NULL,
  `pst_id` SMALLINT UNSIGNED NOT NULL,
  `cus_id` SMALLINT UNSIGNED NULL,
  `pet_type` VARCHAR(45) NOT NULL,
  `pet_sex` ENUM('m', 'f') NOT NULL,
  `pet_cost` DECIMAL(6,2) NOT NULL,
  `pet_price` DECIMAL(6,2) NOT NULL,
  `pet_age` TINYINT NOT NULL,
  `pet_color` VARCHAR(30) NOT NULL,
  `pet_sale_date` DATE NULL,
  `pet_vaccine` ENUM('y', 'n') NOT NULL,
  `pet_neuter` ENUM('y', 'n') NOT NULL,
  `pet_notes` VARCHAR(255) NULL,
  PRIMARY KEY (`pet_id`),
  INDEX `fk_pet_petstore_idx` (`pst_id` ASC) VISIBLE,
  INDEX `fk_pet_customer1_idx` (`cus_id` ASC) VISIBLE,
  CONSTRAINT `fk_pet_petstore`
    FOREIGN KEY (`pst_id`)
    REFERENCES `mrl18c`.`petstore` (`pst_id`)
    ON DELETE CASCADE
    ON UPDATE CASCADE,
  CONSTRAINT `fk_pet_customer1`
    FOREIGN KEY (`cus_id`)
    REFERENCES `mrl18c`.`customer` (`cus_id`)
    ON DELETE SET NULL
    ON UPDATE CASCADE)
ENGINE = InnoDB;

SHOW WARNINGS;

SET SQL_MODE=@OLD_SQL_MODE;
SET FOREIGN_KEY_CHECKS=@OLD_FOREIGN_KEY_CHECKS;
SET UNIQUE_CHECKS=@OLD_UNIQUE_CHECKS;

-- -----------------------------------------------------
-- Data for table `mrl18c`.`petstore`
-- -----------------------------------------------------
START TRANSACTION;
USE `mrl18c`;
INSERT INTO `mrl18c`.`petstore` (`pst_id`, `pst_name`, `pst_street`, `pst_city`, `pst_state`, `pst_zip`, `pst_phone`, `pst_email`, `pst_url`, `pst_ytd_sales`, `pst_notes`) VALUES (1, 'Petsmart', '1500 Appalachee Pkwy', 'Tallahassee', 'FL', 32304, 8509998867, 'petsmarttally@gmail.com', 'petsmart.com', 13675.23, NULL);
INSERT INTO `mrl18c`.`petstore` (`pst_id`, `pst_name`, `pst_street`, `pst_city`, `pst_state`, `pst_zip`, `pst_phone`, `pst_email`, `pst_url`, `pst_ytd_sales`, `pst_notes`) VALUES (2, 'Petco', '490 Main St', 'Destin', 'FL', 33678, 8005453321, 'animals@petco.com', 'petco.com', 7646.37, NULL);
INSERT INTO `mrl18c`.`petstore` (`pst_id`, `pst_name`, `pst_street`, `pst_city`, `pst_state`, `pst_zip`, `pst_phone`, `pst_email`, `pst_url`, `pst_ytd_sales`, `pst_notes`) VALUES (3, 'Carol\'s Critters', '343 W Pensacola St', 'Tallahassee', 'Fl', 32304, 8504714886, 'Carol@carolscritters.com', 'carolscritters.com', 9005.89, 'Dope fish selection');
INSERT INTO `mrl18c`.`petstore` (`pst_id`, `pst_name`, `pst_street`, `pst_city`, `pst_state`, `pst_zip`, `pst_phone`, `pst_email`, `pst_url`, `pst_ytd_sales`, `pst_notes`) VALUES (4, 'Pet Emporium', '777 W Tennessee St', 'Tallahassee', 'FL', 32304, 8505351234, 'Geturanimals@petemporium.com', 'petemporium.com', 3894.58, 'Best cat tos');
INSERT INTO `mrl18c`.`petstore` (`pst_id`, `pst_name`, `pst_street`, `pst_city`, `pst_state`, `pst_zip`, `pst_phone`, `pst_email`, `pst_url`, `pst_ytd_sales`, `pst_notes`) VALUES (5, 'Miso Mart', '446 Kitty Way', 'Tallahassee', 'FL', 32304, 8508296476, 'pets@misomart.com', 'misomart.com', 4468.94, 'Named after my new kitten (feel free to ask for pics)');
INSERT INTO `mrl18c`.`petstore` (`pst_id`, `pst_name`, `pst_street`, `pst_city`, `pst_state`, `pst_zip`, `pst_phone`, `pst_email`, `pst_url`, `pst_ytd_sales`, `pst_notes`) VALUES (6, 'You Otter Know Better', '470 Thomasville Rd', 'Tallahassee', 'FL', 32304, 8509213839, 'semiaquaticsteez@gmail.com', 'youotterknowbetter.com', 5508.42, NULL);
INSERT INTO `mrl18c`.`petstore` (`pst_id`, `pst_name`, `pst_street`, `pst_city`, `pst_state`, `pst_zip`, `pst_phone`, `pst_email`, `pst_url`, `pst_ytd_sales`, `pst_notes`) VALUES (7, '1 Fish, 2 Fish', '885 Ocala Rd', 'Tallahassee', 'FL', 32304, 8506693474, 'redfishbluefish@aol.com', '1fish2fish.com', 4367.13, 'RIP Dr.Seuss');
INSERT INTO `mrl18c`.`petstore` (`pst_id`, `pst_name`, `pst_street`, `pst_city`, `pst_state`, `pst_zip`, `pst_phone`, `pst_email`, `pst_url`, `pst_ytd_sales`, `pst_notes`) VALUES (8, 'Birds, Birds, Birds', '218 Wing Way', 'Tallahassee', 'FL', 32304, 8502012473, 'shop@birdsbirdsbirds.com', 'birdsbirdsbirds.com', 6474.04, 'Just birds');
INSERT INTO `mrl18c`.`petstore` (`pst_id`, `pst_name`, `pst_street`, `pst_city`, `pst_state`, `pst_zip`, `pst_phone`, `pst_email`, `pst_url`, `pst_ytd_sales`, `pst_notes`) VALUES (9, 'Cat-tastic', '365 Magnolia Dr', 'Tallahassee', 'FL', 32304, 8502289540, 'cattastic@yahoo.com', 'cattastic.com', 3508.47, NULL);
INSERT INTO `mrl18c`.`petstore` (`pst_id`, `pst_name`, `pst_street`, `pst_city`, `pst_state`, `pst_zip`, `pst_phone`, `pst_email`, `pst_url`, `pst_ytd_sales`, `pst_notes`) VALUES (10, 'Pet Shop', '840 Jackson Bluff Rd', 'Tallahassee', 'FL', 32304, 8507234040, 'contact@petshop.com', 'petshop.com', 6074.78, 'I ran out of names');

COMMIT;


-- -----------------------------------------------------
-- Data for table `mrl18c`.`customer`
-- -----------------------------------------------------
START TRANSACTION;
USE `mrl18c`;
INSERT INTO `mrl18c`.`customer` (`cus_id`, `cus_fname`, `cus_lname`, `cus_street`, `cus_city`, `cus_state`, `cus_zip`, `cus_phone`, `cus_email`, `cus_balance`, `cus_total_sales`, `cus_notes`) VALUES (1, 'Matt', 'Lewis', '123 Call St', 'Tallahassee', 'Fl', 32304, 8507618084, 'mattlewis@gmail.com', 45.00, 120.59, NULL);
INSERT INTO `mrl18c`.`customer` (`cus_id`, `cus_fname`, `cus_lname`, `cus_street`, `cus_city`, `cus_state`, `cus_zip`, `cus_phone`, `cus_email`, `cus_balance`, `cus_total_sales`, `cus_notes`) VALUES (2, 'Mark', 'Jowett', '1540 W Pensacola St', 'Tallahasee', 'FL', 32304, 8506784402, 'mjowett@fsu.edu', 25.98, 76.64, NULL);
INSERT INTO `mrl18c`.`customer` (`cus_id`, `cus_fname`, `cus_lname`, `cus_street`, `cus_city`, `cus_state`, `cus_zip`, `cus_phone`, `cus_email`, `cus_balance`, `cus_total_sales`, `cus_notes`) VALUES (3, 'Taylor', 'Sterling', '470 Ocala Rd', 'Tallahassee', 'FL', 32304, 8503348210, 'tayster348@gmail.com', 70.56, 70.56, NULL);
INSERT INTO `mrl18c`.`customer` (`cus_id`, `cus_fname`, `cus_lname`, `cus_street`, `cus_city`, `cus_state`, `cus_zip`, `cus_phone`, `cus_email`, `cus_balance`, `cus_total_sales`, `cus_notes`) VALUES (4, 'John', 'Kennedy', '2390 Elm St', 'Dallas', 'TX', 75270, 4695353323, 'ripjfk1963@aol.com', 20.03, 54.38, NULL);
INSERT INTO `mrl18c`.`customer` (`cus_id`, `cus_fname`, `cus_lname`, `cus_street`, `cus_city`, `cus_state`, `cus_zip`, `cus_phone`, `cus_email`, `cus_balance`, `cus_total_sales`, `cus_notes`) VALUES (5, 'Joe', 'Biden', '1600 Pennsylvania Ave NW', 'Washington', 'DC', 20500, 5568904320, 'whatsobamasfirstname@gmail.com', 0.00, 0.00, NULL);
INSERT INTO `mrl18c`.`customer` (`cus_id`, `cus_fname`, `cus_lname`, `cus_street`, `cus_city`, `cus_state`, `cus_zip`, `cus_phone`, `cus_email`, `cus_balance`, `cus_total_sales`, `cus_notes`) VALUES (6, 'Karl', 'Marx', '444 W College Ave', 'Tallahassee', 'FL', 32304, 8506279476, 'freetheworkingclass@yahoo.com', 0.00, 23.81, 'all my homies love Karl Marx');
INSERT INTO `mrl18c`.`customer` (`cus_id`, `cus_fname`, `cus_lname`, `cus_street`, `cus_city`, `cus_state`, `cus_zip`, `cus_phone`, `cus_email`, `cus_balance`, `cus_total_sales`, `cus_notes`) VALUES (7, 'John', 'Lewis', '565 14th St', 'Atlanta', 'GA', 30342, 6783733366, 'repjohnlewis@gmail.com', 0.00, 60.92, 'Rip John Lewis');
INSERT INTO `mrl18c`.`customer` (`cus_id`, `cus_fname`, `cus_lname`, `cus_street`, `cus_city`, `cus_state`, `cus_zip`, `cus_phone`, `cus_email`, `cus_balance`, `cus_total_sales`, `cus_notes`) VALUES (8, 'Bernie', 'Sanders', '1316 Leftist Lane', 'Burlington', 'VT', 05402, 8025874201, 'bernie@gmail.com', 0.00, 120.65, NULL);
INSERT INTO `mrl18c`.`customer` (`cus_id`, `cus_fname`, `cus_lname`, `cus_street`, `cus_city`, `cus_state`, `cus_zip`, `cus_phone`, `cus_email`, `cus_balance`, `cus_total_sales`, `cus_notes`) VALUES (9, 'Stacie', 'Abrams', '1235 10th St', 'Atlanta', 'GA', 30342, 4706804391, 'stacieabramsthegoat@gmail.com', 0.00, 0.00, NULL);
INSERT INTO `mrl18c`.`customer` (`cus_id`, `cus_fname`, `cus_lname`, `cus_street`, `cus_city`, `cus_state`, `cus_zip`, `cus_phone`, `cus_email`, `cus_balance`, `cus_total_sales`, `cus_notes`) VALUES (10, 'Raphael', 'Warnock', '16950 River St', 'Savannah', 'GA', 31302, 9124523304, 'revwarnock@yahoo.com', 0.00, 74.27, NULL);

COMMIT;


-- -----------------------------------------------------
-- Data for table `mrl18c`.`pet`
-- -----------------------------------------------------
START TRANSACTION;
USE `mrl18c`;
INSERT INTO `mrl18c`.`pet` (`pet_id`, `pst_id`, `cus_id`, `pet_type`, `pet_sex`, `pet_cost`, `pet_price`, `pet_age`, `pet_color`, `pet_sale_date`, `pet_vaccine`, `pet_neuter`, `pet_notes`) VALUES (1, 1, 1, 'Cat', 'm', 100.00, 125.00, 15, 'Grey', '16/02/2021', 'y', 'y', NULL);
INSERT INTO `mrl18c`.`pet` (`pet_id`, `pst_id`, `cus_id`, `pet_type`, `pet_sex`, `pet_cost`, `pet_price`, `pet_age`, `pet_color`, `pet_sale_date`, `pet_vaccine`, `pet_neuter`, `pet_notes`) VALUES (2, 2, , 'Dog', 'f', 150.00, 200.00, 52, 'Brown', NULL, 'y', 'y', NULL);
INSERT INTO `mrl18c`.`pet` (`pet_id`, `pst_id`, `cus_id`, `pet_type`, `pet_sex`, `pet_cost`, `pet_price`, `pet_age`, `pet_color`, `pet_sale_date`, `pet_vaccine`, `pet_neuter`, `pet_notes`) VALUES (3, 3, NULL, 'Hamster', 'm', 25.00, 45.00, 26, 'White', NULL, 'y', 'n', NULL);
INSERT INTO `mrl18c`.`pet` (`pet_id`, `pst_id`, `cus_id`, `pet_type`, `pet_sex`, `pet_cost`, `pet_price`, `pet_age`, `pet_color`, `pet_sale_date`, `pet_vaccine`, `pet_neuter`, `pet_notes`) VALUES (4, 8, 2, 'Parakeet', 'f', 15.00, 35.00, 62, 'Yellow', '12/01/2020', 'y', 'n', NULL);
INSERT INTO `mrl18c`.`pet` (`pet_id`, `pst_id`, `cus_id`, `pet_type`, `pet_sex`, `pet_cost`, `pet_price`, `pet_age`, `pet_color`, `pet_sale_date`, `pet_vaccine`, `pet_neuter`, `pet_notes`) VALUES (5, 6, NULL, 'Fish', 'f', 3.00, 8.00, 15, 'Purple', NULL, 'n', 'n', NULL);
INSERT INTO `mrl18c`.`pet` (`pet_id`, `pst_id`, `cus_id`, `pet_type`, `pet_sex`, `pet_cost`, `pet_price`, `pet_age`, `pet_color`, `pet_sale_date`, `pet_vaccine`, `pet_neuter`, `pet_notes`) VALUES (6, 4, 3, 'Bearded Dragon', 'm', 65.00, 80.00, 75, 'Brown', '23/03/2020', 'n', 'n', NULL);
INSERT INTO `mrl18c`.`pet` (`pet_id`, `pst_id`, `cus_id`, `pet_type`, `pet_sex`, `pet_cost`, `pet_price`, `pet_age`, `pet_color`, `pet_sale_date`, `pet_vaccine`, `pet_neuter`, `pet_notes`) VALUES (7, 7, 4, 'Cat', 'f', 100.00, 125.00, 32, 'Orange', '03/08/2020', 'y', 'y', NULL);
INSERT INTO `mrl18c`.`pet` (`pet_id`, `pst_id`, `cus_id`, `pet_type`, `pet_sex`, `pet_cost`, `pet_price`, `pet_age`, `pet_color`, `pet_sale_date`, `pet_vaccine`, `pet_neuter`, `pet_notes`) VALUES (8, 9, NULL, 'Hermit Crab', 'm', 10.00, 20.00, 20, 'White', NULL, 'n', 'n', NULL);
INSERT INTO `mrl18c`.`pet` (`pet_id`, `pst_id`, `cus_id`, `pet_type`, `pet_sex`, `pet_cost`, `pet_price`, `pet_age`, `pet_color`, `pet_sale_date`, `pet_vaccine`, `pet_neuter`, `pet_notes`) VALUES (9, 5, 5, 'Monitor Lizard', 'm', 400.00, 550.00, 260, 'Green', '05/11/2017', 'n', 'n', NULL);
INSERT INTO `mrl18c`.`pet` (`pet_id`, `pst_id`, `cus_id`, `pet_type`, `pet_sex`, `pet_cost`, `pet_price`, `pet_age`, `pet_color`, `pet_sale_date`, `pet_vaccine`, `pet_neuter`, `pet_notes`) VALUES (10, 3, NULL, 'Red Eared Slider Turtle', 'f', 55.00, 70.00, 164, 'Green', NULL, 'n', 'n', NULL);

COMMIT;

